Contact ID,Account ID,First Name,Last Name,Email,Phone,Title,Department,Mailing City,Mailing State,Created Date
CON-001,ACC-001,Emma,Martin,emma.martin1@example.com,-3555,Customer Success Manager,Information Technology,Austin,TX,2/3/2026
CON-002,ACC-002,Liam,Kim,liam.kim2@example.com,-3556,Finance Manager,Sales,Denver,CO,3/5/2026
CON-003,ACC-003,Ava,Wilson,ava.wilson3@example.com,-3557,Operations Manager,Finance,Seattle,WA,4/7/2026
CON-004,ACC-004,Noah,Davis,noah.davis4@example.com,-3558,Customer Success Manager,Product,Boston,MA,5/9/2026
CON-005,ACC-005,Priya,Miller,priya.miller5@example.com,-3559,Finance Manager,Operations,Chicago,IL,6/11/2026
CON-006,ACC-006,Ethan,Garcia,ethan.garcia6@example.com,-3560,Operations Manager,Information Technology,Atlanta,GA,7/13/2026
CON-007,ACC-007,Maya,Brown,maya.brown7@example.com,-3561,Customer Success Manager,Sales,Portland,OR,1/15/2026
CON-008,ACC-008,Lucas,Williams,lucas.williams8@example.com,-3562,Finance Manager,Finance,Raleigh,NC,2/17/2026
CON-009,ACC-009,Sophia,Johnson,sophia.johnson9@example.com,-3563,Operations Manager,Product,Austin,TX,3/19/2026
CON-010,ACC-010,Arjun,Nguyen,arjun.nguyen10@example.com,-3564,Customer Success Manager,Operations,Denver,CO,4/21/2026
CON-011,ACC-011,Olivia,Patel,olivia.patel11@example.com,-3565,Finance Manager,Information Technology,Seattle,WA,5/23/2026
CON-012,ACC-012,Aarav,Sharma,aarav.sharma12@example.com,-3566,Operations Manager,Sales,Boston,MA,6/25/2026
CON-013,ACC-013,Emma,Martin,emma.martin13@example.com,-3567,Customer Success Manager,Finance,Chicago,IL,7/27/2026
CON-014,ACC-014,Liam,Kim,liam.kim14@example.com,-3568,Finance Manager,Product,Atlanta,GA,1/2/2026
CON-015,ACC-015,Ava,Wilson,ava.wilson15@example.com,-3569,Operations Manager,Operations,Portland,OR,2/4/2026
CON-016,ACC-016,Noah,Davis,noah.davis16@example.com,-3570,Customer Success Manager,Information Technology,Raleigh,NC,3/6/2026
CON-017,ACC-017,Priya,Miller,priya.miller17@example.com,-3571,Finance Manager,Sales,Austin,TX,4/8/2026
CON-018,ACC-018,Ethan,Garcia,ethan.garcia18@example.com,-3572,Operations Manager,Finance,Denver,CO,5/10/2026
CON-019,ACC-019,Maya,Brown,maya.brown19@example.com,-3573,Customer Success Manager,Product,Seattle,WA,6/12/2026
CON-020,ACC-020,Lucas,Williams,lucas.williams20@example.com,-3574,Finance Manager,Operations,Boston,MA,7/14/2026
CON-021,ACC-021,Sophia,Johnson,sophia.johnson21@example.com,-3575,Operations Manager,Information Technology,Chicago,IL,1/16/2026
CON-022,ACC-022,Arjun,Nguyen,arjun.nguyen22@example.com,-3576,Customer Success Manager,Sales,Atlanta,GA,2/18/2026
CON-023,ACC-023,Olivia,Patel,olivia.patel23@example.com,-3577,Finance Manager,Finance,Portland,OR,3/20/2026
CON-024,ACC-024,Aarav,Sharma,aarav.sharma24@example.com,-3578,Operations Manager,Product,Raleigh,NC,4/22/2026
CON-025,ACC-025,Emma,Martin,emma.martin25@example.com,-3579,Customer Success Manager,Operations,Austin,TX,5/24/2026
CON-026,ACC-001,Liam,Kim,liam.kim26@example.com,-3580,Finance Manager,Information Technology,Austin,TX,6/26/2026
CON-027,ACC-002,Ava,Wilson,ava.wilson27@example.com,-3581,Operations Manager,Sales,Denver,CO,7/1/2026
CON-028,ACC-003,Noah,Davis,noah.davis28@example.com,-3582,Customer Success Manager,Finance,Seattle,WA,1/3/2026
CON-029,ACC-004,Priya,Miller,priya.miller29@example.com,-3583,Finance Manager,Product,Boston,MA,2/5/2026
CON-030,ACC-005,Ethan,Garcia,ethan.garcia30@example.com,-3584,Operations Manager,Operations,Chicago,IL,3/7/2026
CON-031,ACC-006,Maya,Brown,maya.brown31@example.com,-3585,Customer Success Manager,Information Technology,Atlanta,GA,4/9/2026
CON-032,ACC-007,Lucas,Williams,lucas.williams32@example.com,-3586,Finance Manager,Sales,Portland,OR,5/11/2026
CON-033,ACC-008,Sophia,Johnson,sophia.johnson33@example.com,-3587,Operations Manager,Finance,Raleigh,NC,6/13/2026
CON-034,ACC-009,Arjun,Nguyen,arjun.nguyen34@example.com,-3588,Customer Success Manager,Product,Austin,TX,7/15/2026
CON-035,ACC-010,Olivia,Patel,olivia.patel35@example.com,-3589,Finance Manager,Operations,Denver,CO,1/17/2026
CON-036,ACC-011,Aarav,Sharma,aarav.sharma36@example.com,-3590,Operations Manager,Information Technology,Seattle,WA,2/19/2026
CON-037,ACC-012,Emma,Martin,emma.martin37@example.com,-3591,Customer Success Manager,Sales,Boston,MA,3/21/2026
CON-038,ACC-013,Liam,Kim,liam.kim38@example.com,-3592,Finance Manager,Finance,Chicago,IL,4/23/2026
CON-039,ACC-014,Ava,Wilson,ava.wilson39@example.com,-3593,Operations Manager,Product,Atlanta,GA,5/25/2026
CON-040,ACC-015,Noah,Davis,noah.davis40@example.com,-3594,Customer Success Manager,Operations,Portland,OR,6/27/2026
CON-041,ACC-016,Priya,Miller,priya.miller41@example.com,-3595,Finance Manager,Information Technology,Raleigh,NC,7/2/2026
CON-042,ACC-017,Ethan,Garcia,ethan.garcia42@example.com,-3596,Operations Manager,Sales,Austin,TX,1/4/2026
CON-043,ACC-018,Maya,Brown,maya.brown43@example.com,-3597,Customer Success Manager,Finance,Denver,CO,2/6/2026
CON-044,ACC-019,Lucas,Williams,lucas.williams44@example.com,-3598,Finance Manager,Product,Seattle,WA,3/8/2026
CON-045,ACC-020,Sophia,Johnson,sophia.johnson45@example.com,-3599,Operations Manager,Operations,Boston,MA,4/10/2026
CON-046,ACC-021,Arjun,Nguyen,arjun.nguyen46@example.com,-3600,Customer Success Manager,Information Technology,Chicago,IL,5/12/2026
CON-047,ACC-022,Olivia,Patel,olivia.patel47@example.com,-3601,Finance Manager,Sales,Atlanta,GA,6/14/2026
CON-048,ACC-023,Aarav,Sharma,aarav.sharma48@example.com,-3602,Operations Manager,Finance,Portland,OR,7/16/2026
CON-049,ACC-024,Emma,Martin,emma.martin49@example.com,-3603,Customer Success Manager,Product,Raleigh,NC,1/18/2026
CON-050,ACC-025,Liam,Kim,liam.kim50@example.com,-3604,Finance Manager,Operations,Austin,TX,2/20/2026
CON-051,ACC-001,Ava,Wilson,ava.wilson51@example.com,-3605,Operations Manager,Information Technology,Austin,TX,3/22/2026
CON-052,ACC-002,Noah,Davis,noah.davis52@example.com,-3606,Customer Success Manager,Sales,Denver,CO,4/24/2026
CON-053,ACC-003,Priya,Miller,priya.miller53@example.com,-3607,Finance Manager,Finance,Seattle,WA,5/26/2026
CON-054,ACC-004,Ethan,Garcia,ethan.garcia54@example.com,-3608,Operations Manager,Product,Boston,MA,6/1/2026
CON-055,ACC-005,Maya,Brown,maya.brown55@example.com,-3609,Customer Success Manager,Operations,Chicago,IL,7/3/2026
CON-056,ACC-006,Lucas,Williams,lucas.williams56@example.com,-3610,Finance Manager,Information Technology,Atlanta,GA,1/5/2026
CON-057,ACC-007,Sophia,Johnson,sophia.johnson57@example.com,-3611,Operations Manager,Sales,Portland,OR,2/7/2026
CON-058,ACC-008,Arjun,Nguyen,arjun.nguyen58@example.com,-3612,Customer Success Manager,Finance,Raleigh,NC,3/9/2026
CON-059,ACC-009,Olivia,Patel,olivia.patel59@example.com,-3613,Finance Manager,Product,Austin,TX,4/11/2026
,,,,,,,,,,
,,,,,,,,,,
,,,,,,,,,,
,,,,,,,,,,
,,,,,,,,,,
,,,,,,,,,,
,,,,,,,,,,
,,,,,,,,,,
,,,,,,,,,,
,,,,,,,,,,
,,,,,,,,,,
,,,,,,,,,,
,,,,,,,,,,
,,,,,,,,,,
,,,,,,,,,,
,,,,,,,,,,
